text,label,translated
Pretty busy . I have to pick up a lot of credits this year .,9,꽤 바쁘네요. 올해는 학점을 많이 따야 해요.
Thanks a lot . You are so kind .,9,감사합니다. 정말 친절하시네요.
"I ’ m living at Room 222 , Building 18 , N . P . U .",9,저는 노스캐롤라이나 주 18동 222호에 살고 있습니다.
I got the job you recommended me for last week .,9,지난주에 당신이 추천해준 직장을 구했어요.
"No , I didn't .",9,"아뇨, 그렇지 않아요."
I am a realist .,9,저는 현실주의자입니다.
I see,9,그렇군요.
You ’ re the best !,9,당신이 최고예요!
Unusual pet are often more expensive to keep . Is that a problem ?,9,특이한 애완동물은 종종 키우기에 더 비싸다. 그것이 문제인가?
Yeah . My grandmother gets by on social security and the money my grandfather invested when he was alive .,9,네. 할머니는 사회보장과 할아버지가 살아계실 때 투자한 돈으로 생활해요.
I'm having a great time . I love it . I'm glad we came .,9,아주 좋은 시간 보내고 있어요. 너무 좋아요. 잘 왔어요.
That ’ s a nice dress . It ’ s very smart .,9,멋진 드레스네요. 그것은 매우 똑똑하다.
I was part of a band in school .,9,나는 학교에서 밴드의 일원이었다.
"ZZZ means'sleepy or tired or bored ' , A / S / L is tricky , which is often used at first encounter . It's a three-word question , ' age , / sex / location ? '",9,"ZZZ는 '졸리거나 피곤하거나 지루하다'는 뜻으로, A/S/L은 까다롭다는 뜻으로, 첫 만남에서 자주 사용된다. '나이, 성별, 위치?'라는 세 단어로 된 질문입니다"
"I hate to do this , but I've got to cancel a reservation I made earlier this week .",9,"이렇게 하기는 싫지만, 이번 주 초에 예약한 것을 취소해야 해요."
"Good morning , May . Good girl , you are reading English books again .",9,"좋은 아침이야, 메이. 좋은 소녀야, 너는 또 영어책을 읽고 있구나."
"One . And , if possible , I'm looking for a non-smoking room .",9,하나요. 그리고 가능하다면 금연 객실을 찾고 있어요.
"Poor boy . They work hard at school nowadays , don't they ? Does he like it ?",9,"불쌍한 아이. 그들은 요즘 학교에서 열심히 일하죠, 그렇죠? 그는 그것을 좋아하나요?"
A cheap day return ticket ?,9,저렴한 당일 왕복 티켓?
"I'm awfully sorry , sir . I do apologize . A ten-year-old boy and a mother live upstairs . Maybe the boy is a little bit naughty .",9,대단히 죄송합니다. 정말 죄송합니다. 10살짜리 소년과 어머니가 위층에 살고 있습니다. 아마도 그 소년은 좀 버릇이 없을 것입니다.
We'll be making the decision by the end of this week and we'll contact you as soon as possible .,9,우리는 이번 주말까지 결정을 내릴 것이고 가능한 한 빨리 당신에게 연락할 것입니다.
"I really liked the apples . Bring me a couple of apples , please .",9,사과가 정말 마음에 들었어요. 사과 두 개 주세요.
"Yes , nice . But I prefer this wooden house with a garden fence and a sloping roof .",9,"네, 좋아요. 하지만 나는 정원 울타리와 경사진 지붕이 있는 이 나무 집이 더 좋다."
Give me a sec .,9,내게 1초를 주세요.
I ’ m sure I can get it from another library .,9,나는 다른 도서관에서 그것을 얻을 수 있다고 확신해요.
Dammit ! I asked for sunny side up ! How many times do I have to tell you .,9,젠장! 내가 양지쪽을 올려달라고 했잖아! 내가 몇 번이나 말해야 해.
Forget it . I'll see you at 11:30 am .,9,됐어요. 11시 30분에 봐요.
all right . But I think you ought to move soon .,9,좋아요. 하지만 빨리 움직여야 할 것 같아요.
So how have you been ?,9,어떻게 지냈어요?
"Bob is retiring , wow ... that's news to me , I had no idea Bob was that old , retirement's still sixty-five , right ?",9,"밥은 은퇴한다, 와우... 그건 나에게 새로운 소식이야, 나는 밥이 그렇게 늙었는지 전혀 몰랐어, 은퇴는 아직 65세야, 그렇지?"
"No , the gym is free to guests . Take your room key , however , so you can get in .",9,"아니요, 체육관은 손님들에게 무료입니다. 하지만, 당신이 들어갈 수 있도록 당신의 방 열쇠를 가져가세요."
"Well , it's eaten my card ! It won't give it back !",9,내 카드를 먹어버렸어! 돌려주지 않아!
And please let white color dominate .,9,그리고 흰색이 지배하게 해주세요.
"Oh , hi again ! Hey , the fruit looks different this time .",9,"오, 안녕! 야, 이번에는 과일이 달라 보여."
"Tom wants me to write a recommendation letter for him , but I don't know how to write it .",9,"톰은 내가 그를 위해 추천서를 써주길 원하지만, 나는 그것을 어떻게 써야 할지 모르겠어."
"When I asked him to treat me like he does to my sisters , he jumped down my throat . So I took it out on him by telling him what I thought .",9,언니들한테 하는 것처럼 대하라고 했더니 갑자기 목구멍으로 뛰어내려서 내 생각을 털어놓았어요.
"I mean , do you want the best quality , or do you want good prices ?",9,"내 말은, 당신은 최고의 품질을 원합니까 아니면 좋은 가격을 원합니까?"
"Hello , I'd like to speak to Mike please .",9,"여보세요, 마이크와 통화하고 싶은데요."
What about these ? Have you ever tried pig ’ s brains ?,9,이건 어때요? 돼지의 뇌를 먹어본 적이 있나요?
Would you mind if I ask you whether you are married or not ?,9,당신이 결혼했는지 아닌지 물어봐도 될까요?
"When I have time , I sometimes draw and paint .",9,나는 시간이 있을 때 가끔 그림을 그리고 그림을 그린다.
New furniture makes a room seem so fresh . I see that you also bought a new lamp for your bedside table .,9,새 가구들은 방을 매우 신선하게 보이게 한다. 나는 네가 침대 옆 테이블을 위해 새 램프도 샀다는 것을 알았다.
"Actually , if you go to the bus stop in the next block , you can take bus 301 which will let you right off in front of the zoo .",9,"사실, 다음 블록에 있는 버스 정류장으로 가시면, 동물원 앞에서 바로 내릴 수 있는 301번 버스를 타시면 됩니다."
I really like apples and grapes .,9,나는 사과와 포도를 정말 좋아한다.
I hope so . I'll make sure to get a small one so she can put it into her suitcase . I hope it won't cause her trouble at the border .,9,그러길 바래요. 그녀가 여행 가방에 넣을 수 있도록 작은 것을 꼭 사올게요. 나는 그것이 국경에서 그녀에게 문제를 일으키지 않기를 바란다.
Perhaps I'll agree with Mike . I couldn't stand a big wedding with many relatives and friends of my parents or my wife whom I'd never met before .,9,"아마도 나는 마이크의 말에 동의할 거야. 나는 내 부모님이나 내 아내의 많은 친척들과 친구들, 또는 내가 전에 한 번도 만난 적이 없는 내 아내와의 성대한 결혼식을 견딜 수가 없었어."
Frightened ? You must be joking !,9,무서워요? 농담하는 거야!
"How did you meet your boyfriend , Cindy ?",9,남자친구 신디는 어떻게 만났어?
In what section did you work in the hospital ?,9,당신은 병원의 어느 부서에서 일했나요?
Poor Danny . You are so enfeebled !,9,불쌍한 대니. 너는 정말 힘이 없어!
"Hi , Steven .",9,"안녕, 스티븐."
8 . Is your VIP room big enough for 8 persons ?,9,8. 귀빈실은 8명이 묵을 수 있을 정도로 넓습니까?
"Yes , may I know your name ?",9,"네, 성함을 알 수 있을까요?"
That ’ s usual nowadays . You ’ Ve added a few shelves too .,9,그건 요즘 흔한 일이에요. 당신은 선반도 몇 개 추가했습니다.
Has it been that long ?,9,그렇게 오래 됐나요?
Two thousand hongkong dollars per night plus ten percent service charge and five percent government government tax .,9,1박에 2천 홍콩 달러에 10퍼센트의 봉사료와 5퍼센트의 정부 세금을 더한 금액이다.
How did I do ?,9,나 어떻게 했죠?
"Ok , I have the number . Bye !",9,"네, 번호는 알고 있어요. 안녕!"
Easy . It ’ s on me .,9,"진정해, 내가 낼게."
I'm so thirsty .,9,저 너무 목이 말라요.
"OK , I ’ Ve been looking for a job for days , and I haven ’ t found one yet . It's so hard finding work these days . Have you had any luck ?",9,"네, 며칠째 일자리를 찾고 있는데 아직 찾지 못했어요. 요즘 직장 구하기가 너무 힘들어요. 무슨 일 있었어요?"
What sort of clothes does he wear ?,9,그는 어떤 종류의 옷을 입습니까?
Haha ... please don't tell me you've got a dead stack . I hate making cold calls ...,9,하하... 제발 네가 궁지에 몰렸다고 말하지 마. 나는 차가운 전화를 하는 것이 싫다...
"Several things , for example , Very coins , stamps , stones and so on .",9,"몇가지 예를 들면 동전, 우표, 돌 등등."
"Besides your major , do you know some in other fields ?",9,당신의 전공 외에도 다른 분야에 대해 아는 것이 있나요?
10 dollars .,9,10달러입니다.
I would like to buy two exquisite watches for me and my girlfriend .,9,나는 나와 내 여자친구를 위해 멋진 시계 두 개를 사고 싶다.
Just a minute . It ’ s ten to nine by my watch .,9,잠깐만. 내 시계로는 9시 10분 전이다.
"Well , the most important thing we need to do is make sure that our name and contact information are across the top .",9,"음, 우리가 해야 할 가장 중요한 것은 우리의 이름과 연락처 정보가 맨 위에 있는지 확인하는 것입니다."
Who are you favourite authors ?,9,당신이 가장 좋아하는 작가는 누구입니까?
It's convenient . People in network go everywhere by subway if they don't drive .,9,편리해요. 네트워크에 있는 사람들은 운전하지 않으면 지하철을 타고 어디든 가요.
"Yes , could I make a reservation to New York on July 21st , next Friday ?",9,"네, 다음 주 금요일인 7월 21일에 뉴욕으로 예약할 수 있을까요?"
"Yes , and I think I have good news for you .",9,"네, 그리고 당신에게 좋은 소식이 있는 것 같아요."
"That's right , the brain ! It serves as a control center for the body , handling the processes of the central nervous system as well as cognition . Then what major organ is in our chest ?",9,"맞아요, 뇌! 그것은 인지뿐만 아니라 중추신경계의 과정을 다루는 신체의 조절 중추 역할을 해요. 그렇다면 우리 가슴에는 어떤 주요 기관이 있을까요?"
Do you like plum blossoms ?,9,매화 좋아하세요?
"Yes , that was the first thing we did . We went all the way to the top . There were visitorsfrom all over the world taking photos there .",9,"네, 그것이 우리가 처음으로 한 일입니다. 우리는 꼭대기까지 올라갔다. 전 세계에서 온 방문객들이 그곳에서 사진을 찍고 있었습니다."
So ?,9,그래요?
Is there any way we can speed it up ?,9,속도를 낼 수 있는 방법이 없을까요?
How do you like your work ?,9,하시는 일을 얼마나 좋아하세요?
I ’ m glad you are getting better .,9,나는 네가 나아지고 있어서 기뻐.
No . Stay away from her .,9,"아니, 가까이 오지 마."
"According to the story , it's some sort of modern dance style .",9,"그 이야기에 따르면, 그것은 일종의 현대 무용 스타일이다."
"Are you sure he used your name , Ma'am ? Maybe he reserved under his name .",9,"그가 당신의 이름을 사용한 것이 확실합니까, 부인? 아마도 그는 그의 이름으로 예약했을 것입니다."
"Yes , sir . I'll get them for you right away . Would you please sign this bill first ? Thank you , sir .",9,"네, 알겠습니다. 지금 바로 가져다드릴게요. 먼저 이 계산서에 서명해 주시겠습니까? 감사합니다."
"Ok , so , maybe I should call her again .",9,"좋아요, 그럼 다시 전화해볼까요."
Maybe I could get back to you in a few weeks . I am leaving on vacation this afternoon .,9,아마 몇 주 후에 다시 연락할 수 있을 거야. 나는 오늘 오후에 휴가를 떠날 거야.
"Not to high , maybe an inch or an inch in the half would be the best .",9,"너무 높지는 않아요, 아마 1인치나 1인치 정도가 가장 좋을 거예요."
"Well , I hope you have a wonderful time on your library visits !",9,"음, 나는 네가 도서관 방문에서 멋진 시간을 보내기를 바래!"
I ’ m sure you ’ ll enjoy the trip . China is such a beautiful country .,9,여행이 즐거울 거라고 확신해요. 중국은 정말 아름다운 나라이다.
"that would be great . I really only want to taste real Chinese food , not just the food that foreigners like to eat !",9,그래주시면 좋겠어요. 나는 외국인들이 좋아하는 음식뿐만 아니라 진짜 중국 음식만 맛보고 싶어!
"Cheer up ! Don't let me down . We all make mistakes , and that is life .",9,"힘내! 날 실망시키지 마. 우리는 모두 실수를 하고, 그것이 인생이야."
My stomach's growling again !,9,배에서 또 꼬르륵 소리가 나!
We will have the carpet cleaned before you move into the apartment .,9,우리는 당신이 아파트로 이사하기 전에 카펫을 청소할 것이다.
"Be my guest . Live Tech's digital cameras combine point-and-shoot simplicity with the ability to easily turn pictures into great-looking prints . Furthermore , it allows users to transfer pictures to a computer while the camera recharges .",9,"라이브 테크의 디지털 카메라는 사진을 쉽게 멋진 인쇄물로 바꿀 수 있는 단순한 점과 촬영 기능을 결합합니다. 게다가, 그것은 사용자들이 카메라가 충전되는 동안 사진을 컴퓨터로 전송할 수 있게 해준다."
"Hi , sir . Come and have a look here . We have all kinds of sweaters .",9,"안녕하세요, 선생님 이리 와서 보세요. 우리는 모든 종류의 스웨터를 가지고 있다."
"Yes , I'd like to have a look at the 2 - piece suit .",9,"네, 투피스 정장을 보고 싶습니다."
"I lost one of my contact lenses , and I ’ m searching high and low for it .",9,콘택트렌즈 하나를 잃어버려서 여기저기 찾고 있어요.
"Exactly . Is it possible to have my overcoat dry-cleaned , too ?",9,맞아요. 제 외투도 드라이클리닝이 가능한가요?
Let me get the student bus pass .,9,학생 버스 패스를 받을게요.
Why don't you just go home and eat ?,9,그냥 집에 가서 먹는 게 어때요?
"But whenever we play , you just sit on the sand , drink beer , and watch the girls !",9,"하지만 우리가 놀 때마다, 당신은 모래 위에 앉아서 맥주를 마시고 소녀들을 지켜보세요!"
Management decided to give him four brand new white shirts . That's their way of telling him that his new style of dressing down is not quite acceptable .,9,경영진은 그에게 새 흰색 셔츠 4벌을 주기로 결정했다. 그것이 그들이 그에게 그의 새로운 스타일의 옷을 입는 것이 용납될 수 없다고 말하는 방법이다.
"art galleries , cathedrals , statues , fountains , palaces , bistros , there's really too much to say .",9,"미술관, 성당, 조각상, 분수, 궁전, 비스트로, 할 말이 너무 많아."
only about 5 minutes .,9,겨우 5분 정도요.
"Going to the gym tonight , Mary ?",9,"메리, 오늘 밤에 체육관에 갈 거야?"
"No smoking , please . Could we have table by the window ?",9,담배를 피우지 마세요. 창가 자리로 주시겠어요?
"So sorry , I don't mean to be .",9,"미안해요, 그럴 생각은 없어요."
Thanks . And this word ? How do you pronounce this ?,9,고마워요. 그리고 이 단어는? 이거 어떻게 발음해요?
"No , you know I can't bear eating less .",9,"아니, 적게 먹는 건 못 참는 거 알잖아."
How about my backpack ? Do you know where that is ?,9,내 배낭은 어때? 당신은 그것이 어디에 있는지 아나요?
Okay . Do you have a special location in mind ?,9,알겠습니다. 혹시 특별히 생각하고 계신 곳이 있으신가요?
What's Beijing like ?,9,베이징은 어때요?
"It's too early . Let's make it seven , OK ?",9,"아직 이르네. 7시로 하자, 알았지?"
"Frankly speaking , I ’ m a typical Chinese workaholic . I don ’ t mind working late at night . Due to that , I tend to leave the office late .",9,"솔직히 말해서, 나는 전형적인 중국인 일중독자이다. 저는 밤늦게까지 일해도 상관없어요. 그래서 늦게 퇴근하는 편이에요."
"I don't think we'll be able to pay the price . To have this business concluded , you need to lower your price at least by 3 % .",9,우리가 그 가격을 지불할 수 없을 것 같아요. 이 사업을 성사시키려면 적어도 3%는 가격을 낮춰야 합니다.
I had to blow my nose .,9,코를 풀었어야 했어요.
What're you going to buy ?,9,뭐 살 거예요?
I haven't heard anything .,9,나는 아무것도 듣지 못 했다.
What vehicle do you usually bring to school ? Is it an automobile or a motorbike ?,9,"학교에 주로 어떤 차량을 가지고 오시나요? 그것은 자동차입니까, 아니면 오토바이입니까?"
That would be fun .,9,재미있겠다.
"Most starts with dinner , but then it gets out of hand . Besides , haven't you asked out every woman in the entire office ?",9,"대부분은 저녁 식사로 시작하지만, 그 다음엔 통제가 안 돼. 게다가, 사무실 전체의 모든 여자들에게 데이트 신청을 해본 적이 없어?"
"Yeah , his attitude is great , but he ’ s really unreliable.Sometimes he ’ s really productive , but then other times ... take last Tuesday for instance , he was forty-five minutes late for our morning meeting !",9,"응, 그의 태도는 훌륭하지만, 그는 정말 믿을 수 없어.가끔은 정말 생산적이지만, 다른 때는... 지난 화요일을 예로 들면, 그는 우리의 아침 회의에 45분이나 늦었어요!"
"it's ok . She normally just wears a little foundation and some loose powder , and I wouldn't know what shade to buy .",9,괜찮아요. 보통 파운데이션을 조금 바르고 파우더를 조금 묻혀서 어떤 색조를 사야 할지 모르겠어요.
"No , I think I didn't like your method .",9,"아니요, 당신의 방법이 마음에 들지 않았던 것 같아."
"There are three , my parents and I .",9,부모님과 저 이렇게 셋입니다.
You're like the tenth person to say that .,9,당신은 그 말을 한 10번째 사람과 같아요.
Really ? I'll have a try . Maybe I will get high marks next time .,9,정말? 한 번 해볼게요. 다음에는 아마 높은 점수를 받을 것 같아요.
"You did a good job for the company . So , this is your first day in the new position . How do you feel ?",9,"당신은 회사를 위해 일을 잘 했어요. 그래서, 오늘은 당신이 새로운 자리에 있는 첫 날입니다. 어떠세요?"
I hope so . A good journey to you !,9,그러길 바래. 좋은 여행이 되길!
Okay . See you then .,9,네. 그럼 그때 봐요.
Does it have a large circulation ?,9,유통량이 많은가요?
"Good morning . I want to deposit 3,000 yuan in your bank .",9,"좋은 아침이에요. 나는 당신의 은행에 3,000위안을 입금하고 싶다."
How long will the system be down for ?,9,시스템이 얼마나 오래 중단됩니까?
"Look , this is a pimple !",9,"봐, 이건 여드름이야!"
Yes sir . How can I help you ?,9,"네, 알겠습니다. 무엇을 도와드릴까요?"
"Will you sit down , Mr . White ?",9,"앉아 주시겠습니까, 화이트 씨?"
We will need it for both days .,9,우리는 이틀 동안 그것이 필요할 것이다.
$ 308 a night ? That's a fair price .,9,$ 하룻밤에 308개? 그것은 정당한 가격이다.
Right . Here it is .,9,맞아요. 여기 있어요.
"If I remember correctly , time of delivery is another point on wich we differ .",9,"내 기억이 맞다면, 배달 시간은 우리가 다른 또 다른 점이다."
And do you usually part your hair along here ?,9,그리고 보통 여기서 가르마를 타나요?
are you planning on studying abroad ?,9,당신은 유학을 계획하고 있습니까?
How about that one ?,9,저건 어때?
I ’ m not sure I like the idea of that . I don ’ t want people copying me or other people . It could be very confusing .,9,나는 그 생각이 마음에 들지 않는다. 나는 사람들이 나를 모방하거나 다른 사람들을 모방하는 것을 원하지 않는다. 그것은 매우 혼란스러울 수 있다.
What can be done then ?,9,그렇다면 무엇을 할 수 있을까요?
Yes ! Somebody up there loves me ! I knew it wasn't too late for snow .,9,그래! 저 위에 있는 누군가가 날 사랑해! 눈이 오기에 늦지 않았다는 걸 알았어.
We could spend most of the day looking at houses to see all that we have to see .,9,우리는 우리가 봐야 할 모든 것을 보기 위해 하루의 대부분을 집들을 보면서 보낼 수 있다.
It should be the way out .,9,그게 탈출구가 될 거야.
Don't be silly . Let's go Dutch .,9,어리석은 짓 하지 마라. 각자 부담합시다.
Each night will be $ 308 .,9,1박에 308달러입니다.
"I usually put them into my bank account . I think that is a little secure , though the interest rate is low now .",9,나는 보통 그것들을 내 은행 계좌에 넣는다. 나는 지금 금리가 낮지만 그것이 조금 안전하다고 생각한다.
"There was a problem with the internet access , so I couldn ’ t check my email , but I didn ’ t complain about it to the management .",9,"인터넷 접속에 문제가 있어서 이메일을 확인할 수 없었지만, 경영진에게 불만을 토로하지는 않았습니다."
"I can just enter the amount using the keys , right ?",9,그냥 키로 금액을 입력하면 되는 거죠?
"Great . I'll wait right here , thanks .",9,"좋아요. 여기서 기다릴게요, 고마워요."
Take it easy . I'll like you know if anyone decides to cancel his reservation .,9,진정해. 만약 누군가가 그의 예약을 취소하기로 결정한다면 나는 당신이 알기를 바란다.
"No , it isn't . But sometimes it snows a lot in winter .",9,"아니, 그렇지 않아. 하지만 겨울에는 가끔 눈이 많이 와."
Very quiet and safe . And it ’ s got a lot of trees and plants .,9,매우 조용하고 안전합니다. 그리고 많은 나무와 식물들이 있습니다.
"Yeah , What happened ?",9,"그래, 무슨 일이야?"
"Okay , forget about that . S , do you have some practical dreams at present ?",9,"좋아, 그건 잊어버려. S, 너는 지금 현실적인 꿈을 가지고 있니?"
I need to deposit $ 300 .,9,저는 300달러를 입금해야 합니다.
Have you ever written up a business plan before ?,9,당신은 이전에 사업 계획서를 작성해 본 적이 있습니까?
"Joanna , I will go to the outlet center . You wanna go with me ?",9,"조안나, 아울렛 센터에 갈께. 같이 갈래?"
"No , nothing of the kind .",9,"아니요, 그런 건 없어요."
What are you supposed to drink ?,9,뭐 마실래요?
Not on your life ! I know I'd break my leg,9,내 다리가 부러질 거란 말이야
"Oh , I don't know.It depends .",9,"오, 나도 몰라.사정에 따라 다르겠지."
What should you do if you find out a man may has an illegal departure in exit control point ?,9,만약 당신이 한 남자가 출구 통제소에서 불법적인 출발을 할 수 있다는 것을 알게 된다면 당신은 어떻게 해야 하는가?
That's OK . We'll contact you the moment we hear from home .,9,괜찮습니다. 집에서 연락이 오는 대로 연락드리겠습니다.
"OK , so this is our newest machine . It was only installed last year .",9,"자, 이것이 우리의 최신 기계입니다. 그것은 작년에 겨우 설치되었다."
That's terrific !,9,그거 굉장하군요!
"Do you need anything else , sir ?",9,더 필요하신 건 없으십니까?
Romantic ? I am afraid I like thrillers better .,9,낭만 주의? 나는 스릴러를 더 좋아하는 것 같다.
"Oh , maybe three years . I will study and get the master degree first . Then I will decide whether I will stay there or come back .",9,"오, 아마도 3년. 나는 먼저 공부해서 석사학위를 딸 것이다. 그러면 나는 그곳에 머무를지 돌아올지 결정할 것이다."
"If you get on before 4 p . m . or after 6 p . m . there is saver return which is $ 9.45 , an ordinary return is $ 16.45 .",9,"오후 4시 이전이나 오후 6시 이후에 승차하면 9.45달러인 세이버 리턴이 있으며, 일반 리턴은 16.45달러입니다."
OK . Dose it include breakfast ?,9,알겠습니다. 아침식사가 포함되어 있나요?
"I ’ Ve been under stress , but no more than usual .",9,"나는 스트레스를 받아왔지만, 평소보다 많지는 않다."
that may be true . But I ’ m sure you ’ re able to find a balance between them . Why not try it ?,9,그럴 수도 있어요 하지만 둘 사이의 균형을 찾을 수 있을 거라고 확신해요. 해보는 게 어때요?
Uh ... I mostly just like to listen . You're the groom . Why don't you go first ?,9,어... 난 그냥 듣는 걸 좋아해. 당신이 신랑이잖아요. 당신이 먼저 하는 게 어때요?
Why are you being so nice to me ? Don't think for a second that I trust you .,9,왜 나한테 그렇게 잘해줘? 내가 당신을 믿는다고 단 한순간도 생각하지 마세요.
"not only our annual sales brake a record , but our month by month earnings exceeded our forecast as well . After a two-year slump , we finally back in the black .",9,연간 매출이 사상 최고치를 경신했을 뿐만 아니라 월간 수익도 예상치를 웃돌았다. 2년간의 부진 끝에 우리는 마침내 흑자로 돌아섰다.
"Yeah , let me think , the kangaroo and koala bear from Australia are very famous .",9,"응, 생각해볼게, 호주에서 온 캥거루와 코알라는 매우 유명해."
"I will probably just use it for online shopping . At the moment , I have to meet the seller in person and pay cash , if it's a local seller .",9,나는 아마 온라인 쇼핑을 위해 그것을 사용할 것이다. 현재 현지 판매자라면 직접 판매자를 만나 현금을 지불해야 합니다.
Do you have another card ?,9,다른 카드 있으세요?
"You got what I meant . Perhaps , what I steal are not vegetables , but loneliness .",9,무슨 말인지 알겠어. 아마 내가 훔치는 건 야채가 아니라 외로움일 거야.
"Well , I mean . We always do the same thing . There's no variety in our lives .",9,"음, 내 말은. 우리는 항상 같은 일을 한다. 우리의 삶에는 다양성이 없다."
Yeah . He always tickled my finny bone with his college stories .,9,"네, 그는 항상 그의 대학 이야기로 제 뼈를 자극했어요."
Yeah . She married him at her mother's bidding .,9,"네, 어머니의 명령에 따라 그와 결혼했어요."
What's for dinner ?,9,저녁 식사는 무엇입니까?
"I enjoyed it , even though I had not asked for it .",9,나는 그것을 요청하지 않았지만 그것을 즐겼다.
I want to go to the financial stree .,9,나는 금융가에 가고 싶다.
Really ? That ’ s a lot of money to pay for one room .,9,정말? 그것은 방 한 개를 사기에는 큰 돈이다.
"Hi , this is Maria . Is that Shirley ?",9,"안녕, 나 마리아야. 셜리인가요?"
OK . Is the plane on schedule ?,9,좋아요. 비행기는 예정대로 출발하나요?
What do you think of this dress ? Do you think it suits me ?,9,이 옷 어때요? 그게 나한테 어울린다고 생각해?
"Hello , I would like to make a reservation for four nights next week , from Tuesday to Friday .",9,"안녕하세요, 다음 주 화요일부터 금요일까지 4박 예약하고 싶은데요."
The dog bit the delivery boy .,9,개가 배달 소년을 물었다.
Have you made up your mind about not going back to your hometown after graduation ? Where else would you go ?,9,졸업하고 고향에 돌아가지 않기로 결심했어요? 또 어디로 가겠어요?
Many people say it's a good story.But I think it's boring !,9,많은 사람들이 그것이 좋은 이야기라고 말한다.하지만 나는 지루하다고 생각해!
Then what else should I put into my resume ?,9,그럼 이력서에 또 뭐 넣어야 하나요?
I want to change my hairstyle . What would you suggest ?,9,헤어 스타일을 좀 바꾸고 싶습니다. 당신은 무엇을 제안하시겠습니까?
Either way is good for me .,9,어느 쪽이든 좋아요.
"Indoors activities , such as chess and gymnastics .",9,체스와 체조와 같은 실내 활동.
"Hurry up , will you ?",9,서둘러 줄래?
"Yes , we ’ Ve got a reservation . The name is Ann .",9,"네, 예약이 되어 있습니다. 이름은 앤입니다."
Here is the ticket .,9,여기 표가 있습니다.
I would like to speak to Mr . Miles .,9,마일즈 씨와 통화하고 싶은데요.
"Yeah , I know . You are right .",9,"그래, 알아 네 말이 맞아."
What do you think of the coming match ?,9,다가오는 시합에 대해 어떻게 생각하세요?
Employees in this company have to have a good command of English . Do you think you are proficient in both written and spoken English ?,9,이 회사의 직원들은 영어를 잘 해야 한다. 당신은 당신이 쓰기와 말하기 모두에 능숙하다고 생각하나요?
Hey Bobby . What's going on ?,9,안녕 바비. 무슨 일이야?
What's the band called ?,9,밴드 이름이 뭐죠?
How about I get pizza and you get a burger ?,9,내가 피자를 사주고 너는 햄버거를 사주는 게 어때?
What does your friend Jim do ?,9,너의 친구 짐은 무엇을 하니?
"Certainly , perhaps .",9,"물론, 아마도."
"OK . By the way , can you tell me how many kilos of free baggage each passenger is allowed ?",9,알겠습니다. 그런데 승객 한 명당 몇 킬로의 무료 수하물이 허용되는지 알 수 있을까요?
When will you be able to fix it ?,9,당신은 언제 그것을 고칠 수 있습니까?
I ' m taking some measurements for new curtains .,9,나는 새 커튼을 위해 치수를 재고 있다.
The information is scanty for me . And can you describe the responsibilities of the position ?,9,나는 정보가 부족하다. 그리고 그 직책의 책임을 설명할 수 있는가?
So you're really planning to quit invoking and switch over to WebTracker ?,9,그래서 당신은 정말로 호출을 멈추고 웹 트래커로 전환할 계획인가요?
"Oh , one more thing , I want to send the card by registered mail too .",9,"아, 한가지 더, 나도 카드를 등기로 보내고 싶어."
Am I in the Twilight Zone ? You're charging me for a movie I never saw ?,9,여기가 트와일라잇 존인가요? 내가 본 적 없는 영화에 돈을 청구하는 거야?
"Yes , I have two cartons of cigarettes , one bottle of whisky .",9,"네, 저는 담배 두 보루와 위스키 한 병을 가지고 있습니다."
"Yes , it's a great job . I love it . And what do you do ?",9,"네, 아주 좋은 일이에요. 너무 좋아요. 당신은 무슨 일을 하세요?"
I'd like to look at your stereo systems . Do you have anything on sale ?,9,당신의 스테레오 시스템을 보고 싶습니다. 세일 중인 것이 있습니까?
Good idea . My wife has a fine ear for music . I am sure she would like it .,9,좋은 생각이에요. 내 아내는 음악을 잘 듣는다. 틀림없이 좋아할 것이다.
What should I have brought with me ?,9,내가 무엇을 가지고 왔어야 했나요?
OK . Here is the money .,9,네. 여기 돈이 있습니다.
I don't think so . It changes so quickly this time .,9,난 그렇게 생각 안 해. 이번엔 너무 빨리 바뀌네요.
The heart !,9,하트!
Aren't there any trains before 10:30 ?,9,10시 30분 전에는 기차가 없나요?
"Sure , I ’ d be glad to help you straighten things out . Why don ’ t I stop by at about seven thirty ?",9,"물론이죠, 제가 해결을 도와드리겠습니다. 7시 30분쯤에 들르는 게 어때요?"
Our softball team is in the finals ! We ’ re playing the McGrath office on Saturday .,9,우리 소프트볼 팀이 결승전에 진출했어! 토요일에 맥그래스 사무실에서 경기할 거야.
One dollar .,9,1달러요.
"Here you are , sir . What do I do next ?",9,"여기 있습니다, 선생님. 다음엔 뭘 하지?"
"Yeah . Look , other kids are coming this way .",9,"네, 다른 애들이 이쪽으로 오고 있어요."
I think so . Because I've taken one to improve my oral English during summer vacation .,9,그런 것 같아요. 왜냐하면 여름방학 때 영어 구술을 향상시키기 위해 수강했거든요.
Really ? I wish you could tell me more about your experience .,9,정말? 당신의 경험에 대해 좀 더 말씀해 주시면 좋겠어요.
Yes . I gotta review all of them for the final exam . It is just around the corner .,9,응. 기말고사 때문에 다 복습해야 해. 그것은 코 앞에 있다.
I am afraid I am not interested in fashion .,9,유감스럽게도 나는 패션에 관심이 없다.
I ’ ll pay it as soon as possible .,9,가능한 한 빨리 지불하겠습니다.
Isn't it past your bedtime already ?,9,벌써 잠자리에 들지 않았나요?
It sounds good . I'll try it .,9,좋아요. 먹어볼게요.
did you get the position you wanted ?,9,당신이 원하는 자리를 얻었나요?
That's good . Maybe you'll get promoted .,9,잘됐네요. 아마 승진하실 거예요.
Of course even people who don't know anything about golf know his name .,9,물론 골프에 대해 아무것도 모르는 사람들도 그의 이름을 알고 있다.
What kinds of currency do you change ?,9,어떤 종류의 화폐를 환전합니까?
"Well , it's made up of four large islands and many smaller islands located off the coast of the Asian main lands . France isn't an island , is it ?",9,"글쎄, 그것은 아시아의 주요 지역의 해안에 위치한 네 개의 큰 섬들과 많은 작은 섬들로 구성되어 있어. 프랑스는 섬이 아니야, 그렇지?"
Not really . We need to dismantle the conveyor belt and replace the rollers .,9,사실 그렇지 않아요. 우리는 컨베이어 벨트를 해체하고 롤러를 교체해야 합니다.
At what time was that appointment ?,9,그 약속은 언제였습니까?
yeah . It seems like we don't speak the same language as far as movies are concerned .,9,응. 영화에 관한 한 우리는 같은 언어를 사용하지 않는 것 같아.
Sure . Here you are .,9,"네, 여기있습니다."
I didn ’ t just find out about one job . There were several ones that looked good .,9,나는 단지 하나의 직업에 대해 알게 된 것이 아니다. 좋아 보이는 것들이 몇 개 있었다.
"Miss , which is the movie channel ? I can't find it .",9,"아가씨, 영화 채널이 어디죠? 못 찾겠어요."
Do you take traveler's checks ?,9,여행자 수표를 받습니까?
How do you like your steak ?,9,스테이크를 얼마나 익혀 드릴까요?
Does he have any other complaints ?,9,그는 다른 불만이 있나요?
"first , you need to wash the vegetables and then chop them into little pieces .",9,"먼저, 당신은 야채들을 씻어야 하고 그리고 나서 그것들을 잘게 썰어야 합니다."
"Yes , I ' Ve finished .",9,"네, 다 됐습니다."
That's really cheap . What are the fees included ?,9,그거 정말 싸군요. 수수료가 포함되어 있나요?
I'm going to the store downtown this afternoon to try on my wedding dresses .,9,나는 오늘 오후에 웨딩드레스를 입어보기 위해 시내에 있는 가게에 갈 것이다.
I need to get some beef .,9,소고기를 좀 사야겠어요.
"Well , at least half a year . Do I have to do my own grocery shopping ?",9,"음, 적어도 반년은 있어야 해. 내가 직접 장을 봐야 해?"
"Oh , wow ! It's really him ! Who is that woman he's with ?",9,"오, 와우! 정말 그 사람이야! 그와 함께 있는 저 여자는 누구야?"
Thank you so much for coming tonight . Everybody really enjoyed your performance .,9,오늘 밤 와 주셔서 정말 감사합니다. 모두들 당신의 공연을 정말 즐겼습니다.
You ’ re going to take courses ?,9,수업을 들을 거예요?
"This is Mr Brown speaking . I'd like to speak to Mr . Thomas , please .",9,브라운씨입니다. 토마스씨와 통화하고 싶은데요.
"So , are you going to quit driving to work then ?",9,"그럼, 당신은 그럼 회사까지 운전하는 것을 그만둘 건가요?"
"Yes , he's too old to believe in that type of things . And I'd rather tell him before the kids at school do .",9,"네, 그는 그런 종류의 것들을 믿기에는 너무 늙었어요. 아이들이 학교에 가기 전에 그에게 말하는 게 낫겠어요."
"Of course , you have . You must try harder this time .",9,물론이죠. 이번에는 더 노력해야 해요.
"Yes , there's one other point I wish to clear up .",9,"네, 한 가지 더 분명히 하고 싶은 점이 있습니다."
"Well , it looks very nice .",9,"음, 그것은 매우 멋져 보여요."
Dancing figures are quite popular . Two of the boxes have them .,9,댄스 피규어는 꽤 인기가 있다. 그 상자들 중 두 개가 그것들을 가지고 있다.
"yeah . Even though the customs were brilliant , I didn't think it was as good as the first two . What did you think ?",9,"응. 풍습은 훌륭했지만, 처음 두 가지만큼은 아니라고 생각했어. 당신은 어떻게 생각했니?"
Did he do something wrong ?,9,그가 무슨 잘못을 했나요?
"Yes , please . I'd like a gin and tonic .",9,네. 진토닉 한 잔 주세요.
"Excuse me , young man ?",9,"실례합니다, 젊은이?"
How long is the bus ride ?,9,버스로 얼마나 걸립니까?
What exactly seems to be the matter ?,9,정확히 무슨 문제가 있는 것 같습니까?
Are they breakable ?,9,그것들은 깨질 수 있나요?
Are the batteries in it made by your people ?,9,그 안에 있는 배터리들은 당신의 사람들에 의해 만들어졌나요?
"Hum , me too . This winter holiday was especially long . What have you done ?",9,"음, 나도 그래. 이번 겨울방학은 특히 길었다. 무슨 짓을 한 거야?"
So your country is fairly rich .,9,그래서 당신의 나라는 꽤 부유합니다.
"Have you been served , sir ?",9,식사는 하셨습니까?
It's about time .,9,그럴 시기가 됐지요.
OK . Is it in the box ? May I see it ?,9,네. 상자 안에 있나요? 제가 봐도 될까요?
"Yes , what's it ?",9,"네, 뭔데요?"
What does it do ?,9,그것은 무엇을 하나요?
"Oh , you are so nice . What a lovely scarf .",9,"오, 너 정말 착하구나. 정말 사랑스러운 스카프군요."
"Oh , like a gentleman . Two tickets for two people .",9,"오, 신사답게. 두 사람 몫의 표 두 장."
I'll share it with one of my friends . What ’ s in a one-bedroom apartment ?,9,내 친구 중 한 명과 공유할게요. 침실 하나짜리 아파트에 뭐가 있어요?
"40 hours a week , Monday to Friday , 9 AM to 5 PM with one hour lunch break every day ..",9,"월요일부터 금요일까지 일주일에 40시간, 매일 오전 9시부터 오후 5시까지 1시간씩 점심시간을 갖는다.."
Look ! The girl is so beautiful and she is smiling at me . She is lovely .,9,봐! 그 소녀는 너무 아름답고 나를 보고 웃고 있어. 그녀는 사랑스럽다.
What number ?,9,몇 번이죠?
"I ’ m sorry , sir . We can ’ t accept reservations for next Friday due to over booking . May I suggest another hotel , sir ?",9,"죄송합니다, 선생님. 다음 주 금요일은 예약이 초과되어 예약을 받을 수 없습니다. 다른 호텔을 추천해도 될까요?"
That's right . But don't worry ; it's a very simple procedure .,9,맞아요. 하지만 걱정하지 마세요. 아주 간단한 절차입니다.
How many people does your company employ ?,9,당신 회사는 몇 명을 고용하고 있습니까?
"I think if I ’ m going to find a job , I ’ ll look over the job board .",9,"만약 내가 일자리를 구하게 된다면, 나는 그 일자리 게시판을 훑어볼 것이다."
"Let me have a look . It's mine . I have been looking for it , but just cannot find it . It's present from my father .",9,제가 한번 볼게요. 내꺼야. 계속 찾고 있는데 찾을 수가 없어요. 아버지가 주신 선물이에요.
Asian cultures value learning very much . I know that .,9,아시아 문화는 배우는 것을 매우 중요시한다. 나는 그것을 안다.
"OK ! Hurry , then ! Here's my cup . I can't wait for step four !",9,알았어! 그럼 빨리! 내 컵 여기 있어. 4단계가 너무 기다려져!
He is very interesting and challenging . Is that what you are looking for ?,9,그는 매우 흥미롭고 도전적입니다. 그것이 당신이 찾고 있는 것입니까?
OK . I know . Thank you .,9,알았어요. 알아요. 감사해요.
How long do you plan to stay here ?,9,당신은 여기에 얼마나 머무를 계획입니까?
"Yes , I have been here since 1976 .",9,"네, 저는 1976년부터 여기에 있었어요."
They only cost me about forty dollars .,9,그것들은 나에게 40달러 정도밖에 들지 않았다.
You had better get a grab instead of getting upset about little things .,9,사소한 일로 화를 내지 말고 기회를 잡는 게 좋을 거야.
"The apples in my room were delicious . Bring me a few more , please .",9,내 방에 있는 사과들은 맛있었다. 몇개만 더 가져다주세요.
What time is it by your watch ?,9,당신 시계는 몇 시입니까?
"Yes , I usually guided foreign tourists around Beijing when I was in University .",9,"네, 대학교 다닐 때 주로 외국인 관광객들을 안내했어요."
"for our errands , and maybe a little extra for something from a vendor on the street .",9,"우리의 심부름을 위해, 그리고 아마도 거리의 노점상으로부터 무언가를 위해 약간의 여분을 위해."
"Then , why didn't you try to prevent it in the beginning ?",9,"그렇다면, 왜 처음에는 그것을 막으려고 노력하지 않았나요?"
"I believe you have charged me twice for the same thing . Look , the figure of 6.5 dollar appears here , then again here .",9,"당신은 같은 일로 나에게 두 번이나 청구한 것 같습니다. 보세요, 6.5달러라는 숫자가 여기에 나타났다가 다시 여기에 나타납니다."
I've been away in Paris for the last two month.Glad to see you again.How are you doing ?,9,나는 지난 두 달 동안 파리에 없었다.다시 만나서 반가워요.어떻게 지내세요?
I don't know what to make .,9,뭘 만들어야 할지 모르겠어요.
"Wen ! That's only a stereotype . Like all Asians are supposed to be math geniuses . I'm not a great dancer , and you said you failed calculus .",9,웬! 그건 고정관념일 뿐이야. 모든 아시아인들이 수학 천재라고 생각하는 것처럼. 난 춤을 잘 못 추는데 미적분학에 실패했다고 했잖아요.
Do you know who did ?,9,누가 그랬는지 아세요?
"Well , that ’ s true , but you ’ d probably only watch cartoons and action movies .",9,"글쎄, 그건 사실이지만, 여러분은 아마도 만화와 액션 영화만 볼 거예요."
"It was fun , I tell you .",9,정말 재미있었어요.
"Yes , sir . What price range do you have in mind ?",9,"네, 알겠습니다. 어느 정도의 가격을 생각하고 계십니까?"
"Yes , it's fine . However , I personally think the fairways between the greens are a bit too long , especially for such a hot climate . Don't they have carts ?",9,"네, 괜찮아요. 하지만, 나는 개인적으로 그린 사이의 페어웨이가 좀 너무 길다고 생각한다, 특히 그렇게 더운 기후에는. 그들은 카트를 가지고 있지 않나요?"
Can I pay by check ?,9,수표로 지불해도 될까요?
"No , that's just because I don't have enough money to buy new cloths all the time !",9,"아니, 그건 내가 항상 새 옷을 살 충분한 돈이 없기 때문이야!"
What ’ s her name ?,9,이름이 뭐죠?
You must have realized somebody was here .,9,누군가가 여기 있다는 걸 깨달았을 거야.
I am sorry.sir . Someone will there in a moment .,9,죄송합니다. 선생님. 잠시 후에 누가 올 겁니다.
I was robbed this morning .,9,오늘 아침에 강도를 당했어요.
The Palace Hotel .,9,팰리스 호텔.
What sports do they play there ?,9,그들은 그곳에서 어떤 스포츠를 하나요?
You sound like you're afraid .,9,당신은 두려워하는 것처럼 말하네요.
"A new car . And I've got a small family , two children , and I haven't got a lot of money and ...",9,새 차요. 그리고 저는 작은 가족과 두 명의 아이들이 있습니다. 그리고 저는 많은 돈을 가지고 있지 않습니다. 그리고...
"No , I did that a long time ago . It's about telling my son the truth about Santa Claus .",9,"아니요, 오래 전에 그랬어요. 내 아들에게 산타클로스에 대한 진실을 말하는 거야."
I wish you had been my history teacher ! I might have got better marks !,9,네가 나의 역사 선생님이었으면 좋았을텐데! 나는 더 좋은 점수를 받았을지도 몰라!
I wear size 36 . This pair looks nice . Can I try them on ?,9,나는 36사이즈를 입는다. 이 한 켤레 좋아 보이네요. 입어봐도 될까요?
Yes . It will be fun . Driving back down the coast . My girlfriend will like it .,9,응. 재미있을 거야. 다시 해안으로 운전해서 내려가. 내 여자친구가 좋아할 거야.
I've always liked green apples .,9,저는 항상 초록색 사과를 좋아했어요.
We assure you that shipment will be made no later than the first half of October .,9,우리는 늦어도 10월 상반기까지는 선적이 이루어질 것을 보장합니다.
How about the mileage ?,9,주행거리는 어떻게 되나요?
That ’ s great . You ’ re a lifesaver .,9,잘됐네요. 넌 생명의 은인이야.
Can you tell me the way to library ?,9,도서관으로 가는 길을 알려주시겠어요?
Do you have any experience in this field ?,9,당신은 이 분야에 경험이 있습니까?
"Yes , it wasn't too hard to get . All I had to do was fill out the paperwork and pay the application fee .",9,"네, 어렵지 않게 구할 수 있었어요. 서류 작성하고 지원금만 내면 됐어요."
"You can keep the apartment if you stay caught up on your rent . Otherwise , I need to find someone who can make the payments .",9,"만약 네가 집세를 내지 않는다면, 너는 그 아파트를 유지할 수 있을 것이다. 그렇지 않으면, 나는 지불할 수 있는 사람을 찾아야 한다."
The individual landlord's numbers are next to each entry . You can call them with any questions you may have .,9,개별 집주인의 번호는 각 항목 옆에 있습니다. 당신은 당신이 질문할 수 있는 어떤 것이든 그들에게 전화할 수 있다.
Not unless you lose about 100 pounds ...,9,100파운드를 빼지 않는 한...
"I know what you mean , it leaves a lot to be desired .",9,"무슨 말인지 알겠어요, 아쉬운 점이 많아요."
"I think the guarantee's just run out . Let me check . Oh , it's OK . We took out an extended warranty , it runs until next March .",9,"보증 기간이 얼마 남지 않은 것 같아요. 확인해 볼게요. 아, 괜찮아요. 저희가 보증 기간을 연장해서 내년 3월까지 해요."
I just can't understand why you want to stay at home . It is such a wonderful day today .,9,나는 네가 왜 집에 있으려고 하는지 이해할 수가 없어. 오늘은 정말 멋진 날이에요.
Would you like me to fill out the form ?,9,제가 그 양식을 작성해 드릴까요?
Could be better .,9,더 나을 수도 있다.
"Can I see your license , please ?",9,면허증 좀 보여 주시겠어요?
"Good idea . Have you written down tea , eggs and potatoes ?",9,"좋은 생각이야. 차, 계란, 감자를 적어봤어?"
Really ? Who made that rule up ?,9,정말? 누가 그런 규칙을 만들었나요?
You have already missed one other assignment ; when can I expect the make-ups ?,9,당신은 이미 다른 과제를 하나 더 놓쳤습니다. 언제쯤 보충할 수 있을까요?
"Yes , I think so .",9,"네, 저는 그렇게 생각합니다."
"No , Nancy , today I'm here to make a withdrawal . I made a formal request 7 days ago .",9,"아니요, 낸시. 오늘 인출하러 왔어요. 7일 전에 정식으로 요청했어요."
That sounds great . I'll take them .,9,좋아요. 제가 살게요.
"Hmm , 250NT is ... 8 dollars ? ! ! And you can't even eat them ? You're crazy !",9,"음, 250NT는... 8달러?! 그리고 너는 그것들을 먹지도 못하니? 당신은 미쳤구나!"
Get better .,9,나아지다.
Can we start tomorrow though ?,9,그래도 내일부터 시작해도 될까요?
No . Not now . I think I'll try to keep this one .,9,"아니, 지금은 안돼. 나는 이것을 유지하려고 노력할 것 같다."
Hold on . We will be successful right away .,9,잠시만요. 저희는 곧 성공할 거예요.
"Relax . I can hold my own . Now , point your skis toward the bottom of the hill . Easy does it !",9,"진정해. 내 손은 내가 잡을 수 있어. 자, 스키를 언덕 아래쪽으로 향하게 해. 천천히 해!"
I'm going to the hospital to see Susan Green .,9,수잔 그린을 보러 병원에 갈 거예요.
"yes , my father gave it to me for my birthday . Do you like it ?",9,"응, 아빠가 생일선물로 주셨어. 마음에 드세요?"
I have to move .,9,나는 움직여야 한다.
You're telling me ! There are thousands of people here .,9,정말이야! 여기 수천 명의 사람들이 있어.
that sounds fantastic ! What time is it playing ?,9,환상적이네요! 몇 시에 상영하나요?
"hey , the new SOHO . How's everything going ?",9,"안녕, 새로 온 소호야. 어떻게 지내?"
I see . What about the dress over there ? I would like to try it on .,9,그렇군요. 저기 드레스는 어떠세요? 입어보고 싶어요.
"I don't know what to have . If you don't mind , I'll just leave the choice to you .",9,뭘 먹어야 할지 모르겠어요. 괜찮으시다면 선택은 당신에게 맡기겠습니다.
"All right , thank you , see you .",9,"좋아요, 고마워요, 나중에 봐요."
"Jen , is there someone you're not telling me about ?",9,"젠, 나한테 말 안 하는 사람 있어?"
"Ok . Can I ask who is calling , please ?",9,알겠습니다. 누구신지 여쭤봐도 될까요?
Either something in the hotel business or something to do with travel .,9,호텔 사업에 종사하거나 여행과 관련된 어떤 것.
"Yes . By the way , you are having a great make-up today . I like the color of your lipstick . So adorable !",9,네. 그런데 오늘 화장이 정말 잘되시네요. 나는 너의 립스틱 색깔이 마음에 들어. 너무 귀여워!
"I feel run down , tired . I've been having headaches almost every day . And I'm not getting as much sleep as I usually do .",9,피곤하고 피곤해요. 거의 매일 두통이 있어요. 그리고 평소보다 잠을 많이 못 자요.
"Thank you , miss . Will dinner be served on the plane ?",9,감사합니다. 저녁식사는 비행기에서 제공되나요?
"What ’ s the weather looking like today , Kenny ?",9,"케니, 오늘 날씨가 어때 보여?"
I ’ d like to set a fixed time for this meeting before we finish today . Can you all take a look at your schedules ?,9,오늘 회의가 끝나기 전에 회의 시간을 정했으면 하는데요. 다들 스케줄 좀 봐주시겠어요?
I always catch this bus .,9,나는 항상 이 버스를 탄다.
come on ! Man up ! You'll never know until you try .,9,어서! 남자답게! 해보기 전에는 절대 모를 거야.
"Mr Wang , did you sign any bill in the last two hours in our hotel ?",9,"왕 선생님, 저희 호텔에서 지난 두 시간 동안 청구서에 서명하셨나요?"
How are you going all these days ?,9,요즘 어떻게 지내세요?
I want to go traveling .,9,나는 여행을 가고 싶다.
"Thank you very much . I will introduce your property to our clients . When they want to see your property , I will give you a call .",9,"감사합니다. 고객님께 당신의 재산을 소개해 드리겠습니다. 그들이 당신의 재산을 보고 싶어할 때, 제가 당신에게 전화하겠습니다."
No . I'd like to do that now .,9,"아뇨, 지금 그렇게 하고 싶어요."
"Sorry , we have two Smiths , Robert Smith and Jim Smith , which one would you like to speak to ?",9,"죄송합니다, 두 분의 스미스씨, 로버트 스미스씨와 짐 스미스씨가 있는데 어떤 분과 통화하시겠습니까?"
The ad says the rent would be 840 dollars per month . Is it true ?,9,"광고에 임대료가 한 달에 840달러라고 하던데, 사실인가요?"
It leaves at 9:30 a . m ..,9,오전 9시 30분에 출발합니다..
Thanks . Was there a mina bar in the room ?,9,감사합니다. 방에 미니바가 있었나요?
How you celebrate your Valentine ’ s Day with your wife ?,9,당신은 아내와 함께 발렌타인 데이를 어떻게 기념하나요?
Calm down !,9,진정하세요!
The meter reads 9.15 dollars .,9,미터기는 9.15달러입니다.
"I had a wonderful time . The rooms are not very big , but they are well furnished . The restaurant is excellent and reasonably priced . There ’ s a sauna and a Jacuzzi .",9,"즐거운 시간이었어요. 그 방들은 그리 크지는 않지만, 가구가 잘 갖춰져 있다. 그 식당은 훌륭하고 합리적인 가격이다. 사우나와 자쿠지가 있습니다."
Is there somewhere you wanted to go eat at ?,9,식사하러 가고 싶었던 곳이 있나요?
Okay . Sounds good . See you then .,9,좋아요. 좋아요. 그때 봐요.
One bottle of perfume and a watch .,9,향수 한 병과 시계.
"Basketball , football , table tennis . I will watch them on TV .",9,"농구, 축구, 탁구. 나는 그것들을 TV로 볼 것이다."
"Yes , please . That is very kind of you .",9,네. 정말 친절하시군요.
How much money do you want to transfer ?,9,당신은 얼마나 많은 돈을 송금하고 싶습니까?
